Name	Gene(s)	Condition(s)	Frequency	Clinical significance (Last reviewed)	Review status	Chromosome	Location	Assembly	VariationID	AlleleID(s)	
NM_000020.2(ACVRL1):c.696_698delCTC (p.Ser233del)	ACVRL1	Hereditary hemorrhagic telangiectasia type 2		Pathogenic(Last reviewed: Feb 19, 2016)	criteria provided, single submitter	12	51914509 - 51914511	GRCh38	236552	241561
NM_001077401.1(ACVRL1):c.1122delG (p.Tyr375Thrfs)	ACVRL1	not provided		Pathogenic(Last reviewed: Apr 9, 2014)	criteria provided, single submitter	12	51916109	GRCh38	212808	210235
NM_001077401.1(ACVRL1):c.1031_1032dupGT (p.Cys345Valfs)	ACVRL1	not provided		Pathogenic(Last reviewed: Mar 9, 2015)	criteria provided, single submitter	12	51915483 - 51915484	GRCh38	212807	210234
NM_000020.2(ACVRL1):c.406_409delGGTG (p.Gly136Serfs)	ACVRL1	not provided		Pathogenic(Last reviewed: Dec 2, 2015)	criteria provided, single submitter	12	51913651 - 51913654	GRCh38	212806	210227
NM_001077401.1(ACVRL1):c.145dupG (p.Ala49Glyfs)	ACVRL1	not provided		Pathogenic(Last reviewed: Apr 9, 2014)	criteria provided, single submitter	12	51913182	GRCh38	212805	210222
NM_001077401.1(ACVRL1):c.430C>T (p.Arg144Ter)	ACVRL1	not provided		Pathogenic(Last reviewed: Jun 30, 2015)	criteria provided, single submitter	12	51913675	GRCh38	212804	210228
NM_000020.2(ACVRL1):c.200G>A (p.Arg67Gln)	ACVRL1	not provided		Pathogenic(Last reviewed: May 12, 2015)	criteria provided, single submitter	12	51913237	GRCh38	212803	210224
NM_000020.2(ACVRL1):c.998G>T (p.Ser333Ile)	ACVRL1	not provided		Pathogenic(Last reviewed: Jun 11, 2014)	criteria provided, single submitter	12	51915450	GRCh38	212802	210233
NM_000020.2(ACVRL1):c.986G>A (p.Arg329His)	ACVRL1	not provided		Pathogenic(Last reviewed: May 7, 2015)	criteria provided, single submitter	12	51915438	GRCh38	212801	210232
NM_000020.2(ACVRL1):c.920C>A (p.Ala307Glu)	ACVRL1	not provided		Likely pathogenic(Last reviewed: Mar 25, 2015)	criteria provided, single submitter	12	51915372	GRCh38	212800	210231
NM_001077401.1(ACVRL1):c.682G>A (p.Val228Ile)	ACVRL1	not provided		Likely pathogenic(Last reviewed: Jun 4, 2015)	criteria provided, single submitter	12	51914495	GRCh38	212799	210229
NM_000020.2(ACVRL1):c.269G>A (p.Cys90Tyr)	ACVRL1	not provided		Pathogenic(Last reviewed: Mar 11, 2015)	criteria provided, single submitter	12	51913306	GRCh38	212798	210225
NM_000020.2(ACVRL1):c.152G>A (p.Cys51Tyr)	ACVRL1	not provided		Pathogenic(Last reviewed: Apr 14, 2015)	criteria provided, single submitter	12	51913189	GRCh38	212797	210223
NM_000020.2(ACVRL1):c.1451G>A (p.Arg484Gln)	ACVRL1	not provided		Pathogenic(Last reviewed: Feb 18, 2015)	criteria provided, single submitter	12	51920832	GRCh38	212796	210238
NM_000020.2(ACVRL1):c.1415G>A (p.Trp472Ter)	ACVRL1	not provided		Pathogenic(Last reviewed: Dec 6, 2013)	criteria provided, single submitter	12	51920796	GRCh38	212795	210237
NM_000020.2(ACVRL1):c.1377+1G>A	ACVRL1	not provided		Pathogenic(Last reviewed: Apr 22, 2015)	criteria provided, single submitter	12	51919116	GRCh38	212794	210236
NM_000020.2(ACVRL1):c.1445C>T (p.Ala482Val)	ACVRL1	not specified|Haemorrhagic telangiectasia 2	GMAF:0.00020(T)	Conflicting interpretations of pathogenicity(Last reviewed: Nov 18, 2014)	criteria provided, conflicting interpretations	12	51920826	GRCh38	161201	171155
NM_000020.2(ACVRL1):c.1450C>T (p.Arg484Trp)	ACVRL1	Hereditary hemorrhagic telangiectasia type 2|Pulmonary arterial hypertension related to hereditary hemorrhagic telangiectasia		Pathogenic(Last reviewed: Aug 2, 2001)	no assertion criteria provided	12	51920831	GRCh38	8252	23291
NM_000020.2(ACVRL1):c.1231C>T (p.Arg411Trp)	ACVRL1	Hereditary hemorrhagic telangiectasia type 2|Pulmonary arterial hypertension related to hereditary hemorrhagic telangiectasia|not provided		Pathogenic(Last reviewed: Feb 12, 2015)	criteria provided, single submitter	12	51916218	GRCh38	8251	23290
NM_000020.2(ACVRL1):c.760_762delGAC (p.Asp254del)	ACVRL1	Hereditary hemorrhagic telangiectasia type 2|Pulmonary arterial hypertension related to hereditary hemorrhagic telangiectasia		Pathogenic(Last reviewed: Aug 2, 2001)	no assertion criteria provided	12	51914573 - 51914575	GRCh38	8250	23289
NM_000020.2(ACVRL1):c.695_697delCCT (p.Ser233del)	ACVRL1	Hereditary hemorrhagic telangiectasia type 2		Pathogenic(Last reviewed: Jun 1, 1996)	no assertion criteria provided	12	51914508 - 51914510	GRCh38	8245	23284
NM_001204.6(BMPR2):c.1297C>T (p.Gln433Ter)	BMPR2	Pulmonary hypertension, primary, 1, with hereditary hemorrhagic telangiectasia		Pathogenic(Last reviewed: Oct 1, 2008)	no assertion criteria provided	2	202542331	GRCh38	8819	23858
NM_002890.2(RASA1):c.2690+1G>A	CCNH|RASA1	not provided		Pathogenic(Last reviewed: Feb 18, 2015)	criteria provided, single submitter	5	87380596	GRCh38	213661	209863
NM_022650.2(RASA1):c.1600C>T (p.Arg534Ter)	CCNH|RASA1	not provided		Pathogenic(Last reviewed: Mar 24, 2015)	criteria provided, single submitter	5	87376512	GRCh38	213660	209861
NM_002890.2(RASA1):c.2184+9_2184+10insGTTAAA	CCNH|RASA1	not specified		Benign(Last reviewed: Mar 3, 2015)	criteria provided, single submitter	5	87376574 - 87376575	GRCh38	213653	209862
NM_000118.3(ENG):c.67delA (p.Ser23Valfs)	ENG	Osler hemorrhagic telangiectasia syndrome		Pathogenic(Last reviewed: Jan 17, 2016)	criteria provided, single submitter	9	127854289	GRCh38	237029	240464
NM_000118.3(ENG):c.447G>C (p.Trp149Cys)	ENG	Osler hemorrhagic telangiectasia syndrome		Pathogenic(Last reviewed: Feb 13, 2016)	criteria provided, single submitter	9	127826586	GRCh38	237027	240458
NM_000118.3(ENG):c.1428+2T>C	ENG|LOC102723566	not provided		Pathogenic(Last reviewed: Jan 7, 2015)	criteria provided, single submitter	9	127818714	GRCh38	213217	209947
NM_000118.3(ENG):c.1428+1G>A	ENG|LOC102723566	not provided		Pathogenic(Last reviewed: Oct 23, 2014)	criteria provided, single submitter	9	127818715	GRCh38	213216	209948
NM_000118.3(ENG):c.1550_1551delTG (p.Val517Glufs)	ENG|LOC102723566	not provided		Pathogenic(Last reviewed: Jul 7, 2014)	criteria provided, single submitter	9	127818255 - 127818256	GRCh38	213215	209946
NM_000118.3(ENG):c.1080_1083delGACA (p.Thr361Serfs)	ENG	Osler hemorrhagic telangiectasia syndrome|not provided		Pathogenic(Last reviewed: Jan 29, 2016)	criteria provided, multiple submitters, no conflicts	9	127824355 - 127824358	GRCh38	213214	209952
NM_001278138.1(ENG):c.1169T>A (p.Leu390Ter)	ENG|LOC102723566	not provided		Pathogenic(Last reviewed: Jul 14, 2015)	criteria provided, single submitter	9	127817175	GRCh38	213213	209944
NM_000118.3(ENG):c.1586G>A (p.Arg529His)	ENG|LOC102723566	Osler hemorrhagic telangiectasia syndrome|not provided		Pathogenic/Likely pathogenic(Last reviewed: Jan 1, 2016)	criteria provided, multiple submitters, no conflicts	9	127818220	GRCh38	213212	209945
NM_000118.3(ENG):c.562C>T (p.Gln188Ter)	ENG	not provided		Pathogenic(Last reviewed: May 15, 2015)	criteria provided, single submitter	9	127825822	GRCh38	213211	209956
NM_000118.3(ENG):c.1312A>T (p.Lys438Ter)	ENG|LOC102723566	not provided		Pathogenic(Last reviewed: Apr 7, 2015)	criteria provided, single submitter	9	127818832	GRCh38	213210	209950
NM_000118.3(ENG):c.1272+1G>A	ENG|LOC102723566	not provided		Pathogenic(Last reviewed: May 12, 2015)	criteria provided, single submitter	9	127819899	GRCh38	213209	209951
NM_000118.3(ENG):c.689+2T>C	ENG	not provided		Pathogenic(Last reviewed: Apr 28, 2015)	criteria provided, single submitter	9	127825693	GRCh38	213208	209954
NM_000118.3(ENG):c.446G>A (p.Trp149Ter)	ENG	not provided		Pathogenic(Last reviewed: May 15, 2014)	criteria provided, single submitter	9	127826587	GRCh38	213207	209957
NM_000118.3(ENG):c.247C>T (p.Gln83Ter)	ENG	not provided		Pathogenic(Last reviewed: Aug 26, 2014)	criteria provided, single submitter	9	127829800	GRCh38	213205	209960
NM_000118.3(ENG):c.98A>C (p.Gln33Pro)	ENG	not specified		Uncertain significance(Last reviewed: Feb 6, 2014)	criteria provided, single submitter	9	127843215	GRCh38	213204	209961
NM_000118.3(ENG):c.991+26_991+27insCCTCCC	ENG	not specified		Benign(Last reviewed: May 4, 2015)	criteria provided, single submitter	9	127824773 - 127824774	GRCh38	213201	209953
NM_000118.3(ENG):c.572G>A (p.Gly191Asp)	ENG	Osler hemorrhagic telangiectasia syndrome|not specified	GMAF:0.00320(T)	Benign/Likely benign(Last reviewed: Oct 29, 2015)	criteria provided, multiple submitters, no conflicts	9	127825812	GRCh38	213200	209955
NM_000118.3(ENG):c.640G>A (p.Gly214Ser)	ENG	not provided|Haemorrhagic telangiectasia 1	GMAF:0.00040(T)	Conflicting interpretations of pathogenicity(Last reviewed: Apr 28, 2015)	criteria provided, conflicting interpretations	9	127825744	GRCh38	161233	171112
NM_000118.3(ENG):c.360C>A (p.Tyr120Ter)	ENG	Osler hemorrhagic telangiectasia syndrome		Pathogenic(Last reviewed: Dec 1, 2004)	no assertion criteria provided	9	127829687	GRCh38	16676	31715
ENG, IVS1DS, G-A, +1	ENG	Osler hemorrhagic telangiectasia syndrome		Pathogenic(Last reviewed: Jul 1, 2000)	no assertion criteria provided			GRCh38	16675	31714
NM_000118.3(ENG):c.1238G>T (p.Gly413Val)	ENG|LOC102723566	Osler hemorrhagic telangiectasia syndrome		Pathogenic(Last reviewed: Jul 1, 2000)	no assertion criteria provided	9	127819934	GRCh38	16674	31713
NM_016204.2(GDF2):c.203G>T (p.Arg68Leu)	GDF2	Telangiectasia, hereditary hemorrhagic, type 5		Pathogenic(Last reviewed: Sep 5, 2013)	no assertion criteria provided	10	47322871	GRCh38	88651	94239
NM_016204.2(GDF2):c.254C>T (p.Pro85Leu)	GDF2	Telangiectasia, hereditary hemorrhagic, type 5	GMAF:0.00040(A)	Pathogenic(Last reviewed: Sep 5, 2013)	no assertion criteria provided	10	47322922	GRCh38	88650	94238
NM_005359.5(SMAD4):c.1338_1339delGA (p.Gln446Hisfs)	SMAD4	Hereditary cancer-predisposing syndrome		Pathogenic(Last reviewed: Oct 6, 2014)	criteria provided, single submitter	18	51076667 - 51076668	GRCh38	182874	181041
NM_005359.5(SMAD4):c.1239C>A (p.Tyr413Ter)	SMAD4	not provided		Pathogenic(Last reviewed: Sep 17, 2014)	criteria provided, single submitter	18	51067118	GRCh38	182871	181039
NM_005359.5(SMAD4):c.1245_1248delCAGA (p.Asp415Glufs)	SMAD4	Juvenile polyposis syndrome|Juvenile polyposis/hereditary hemorrhagic telangiectasia syndrome|Hereditary cancer-predisposing syndrome		Pathogenic(Last reviewed: Mar 27, 2016)	criteria provided, multiple submitters, no conflicts	18	51067124 - 51067127	GRCh38	142253	151967
NM_005359.5(SMAD4):c.1351_1375del25 (p.Ala451Leufs)	SMAD4	Hereditary cancer-predisposing syndrome		Pathogenic(Last reviewed: Dec 16, 2013)	criteria provided, multiple submitters, no conflicts	18	51076680 - 51076704	GRCh38	127949	133406
NM_005359.5(SMAD4):c.1612_1625delGAAGTACTTCATAC (p.Glu538Hisfs)	SMAD4	Juvenile polyposis/hereditary hemorrhagic telangiectasia syndrome		Pathogenic(Last reviewed: Dec 4, 2012)	no assertion criteria provided	18	51078420 - 51078433	GRCh38	24878	36219
NM_005359.5(SMAD4):c.1598T>C (p.Leu533Pro)	SMAD4	Juvenile polyposis/hereditary hemorrhagic telangiectasia syndrome		Pathogenic(Last reviewed: Dec 4, 2012)	no assertion criteria provided	18	51078406	GRCh38	24876	36217
NM_005359.5(SMAD4):c.1600C>T (p.Gln534Ter)	SMAD4	Juvenile polyposis/hereditary hemorrhagic telangiectasia syndrome		Pathogenic(Last reviewed: Dec 4, 2012)	no assertion criteria provided	18	51078408	GRCh38	24875	36216
NM_005359.5(SMAD4):c.1598T>G (p.Leu533Arg)	SMAD4	Juvenile polyposis/hereditary hemorrhagic telangiectasia syndrome		Pathogenic(Last reviewed: Dec 4, 2012)	no assertion criteria provided	18	51078406	GRCh38	24874	36215
NM_005359.5(SMAD4):c.1586_1587dupTA (p.His530Tyrfs)	SMAD4	Juvenile polyposis/hereditary hemorrhagic telangiectasia syndrome		Pathogenic(Last reviewed: Dec 4, 2012)	no assertion criteria provided	18	51078394 - 51078395	GRCh38	24869	36210
NM_005359.5(SMAD4):c.1148T>A (p.Ile383Lys)	SMAD4	Juvenile polyposis/hereditary hemorrhagic telangiectasia syndrome		Pathogenic(Last reviewed: Dec 4, 2012)	no assertion criteria provided	18	51067027	GRCh38	24840	36181
NM_005359.5(SMAD4):c.1102_1103delTC (p.Ser368Glnfs)	SMAD4	Juvenile polyposis/hereditary hemorrhagic telangiectasia syndrome		Pathogenic(Last reviewed: Dec 4, 2012)	no assertion criteria provided	18	51065569 - 51065570	GRCh38	24837	36178
NM_005359.5(SMAD4):c.1091T>G (p.Leu364Trp)	SMAD4	JP and JP/HHT		Pathogenic(Last reviewed: Dec 4, 2012)	no assertion criteria provided	18	51065558	GRCh38	24836	36177
NM_005359.5(SMAD4):c.1082G>T (p.Arg361Leu)	SMAD4	Juvenile polyposis/hereditary hemorrhagic telangiectasia syndrome		Pathogenic(Last reviewed: Dec 4, 2012)	no assertion criteria provided	18	51065549	GRCh38	24833	36174
NM_005359.5(SMAD4):c.1082G>A (p.Arg361His)	SMAD4	JP and JP/HHT		Pathogenic(Last reviewed: Dec 4, 2012)	no assertion criteria provided	18	51065549	GRCh38	24832	36173
NM_005359.5(SMAD4):c.1081C>G (p.Arg361Gly)	SMAD4	JP and JP/HHT		Pathogenic(Last reviewed: Dec 4, 2012)	no assertion criteria provided	18	51065548	GRCh38	24830	36171
NM_005359.5(SMAD4):c.1055G>A (p.Gly352Glu)	SMAD4	Juvenile polyposis/hereditary hemorrhagic telangiectasia syndrome		Pathogenic(Last reviewed: Dec 4, 2012)	no assertion criteria provided	18	51065522	GRCh38	24828	36169
NM_005359.5(SMAD4):c.1054G>A (p.Gly352Arg)	SMAD4	Juvenile polyposis/hereditary hemorrhagic telangiectasia syndrome|JP and JP/HHT|not provided		Pathogenic(Last reviewed: Dec 4, 2012)	no assertion criteria provided	18	51065521	GRCh38	24827	36168
NM_005359.5(SMAD4):c.988G>A (p.Glu330Lys)	SMAD4	JP and JP/HHT		Pathogenic(Last reviewed: Dec 4, 2012)	no assertion criteria provided	18	51065455	GRCh38	24823	36164
NM_005359.5(SMAD4):c.692dupG (p.Ser232Glnfs)	SMAD4	Juvenile polyposis syndrome|Juvenile polyposis/hereditary hemorrhagic telangiectasia syndrome|Tumor predisposition syndrome		Pathogenic(Last reviewed: Sep 27, 2015)	criteria provided, single submitter	18	51058149	GRCh38	24811	36152
NM_005359.5(SMAD4):c.302G>A (p.Trp101Ter)	SMAD4	Juvenile polyposis/hereditary hemorrhagic telangiectasia syndrome		Pathogenic(Last reviewed: Dec 4, 2012)	no assertion criteria provided	18	51048738	GRCh38	24798	36139
SMAD4, 14-BP DEL, NT1612	SMAD4	Juvenile polyposis/hereditary hemorrhagic telangiectasia syndrome		Pathogenic(Last reviewed: Mar 13, 2004)	no assertion criteria provided			GRCh38	8547	23586
NM_005359.5(SMAD4):c.1157G>A (p.Gly386Asp)	SMAD4	Juvenile polyposis/hereditary hemorrhagic telangiectasia syndrome|JP and JP/HHT		Pathogenic(Last reviewed: Dec 4, 2012)	no assertion criteria provided	18	51067036	GRCh38	8545	23584
NM_005359.5(SMAD4):c.1081C>T (p.Arg361Cys)	SMAD4	Juvenile polyposis syndrome|Juvenile polyposis/hereditary hemorrhagic telangiectasia syndrome|JP, JP/HHT, and HHT|not provided|Hereditary cancer-predisposing syndrome		Pathogenic(Last reviewed: Dec 4, 2014)	criteria provided, multiple submitters, no conflicts	18	51065548	GRCh38	8543	23582
SMAD4, 1-BP INS	SMAD4	Juvenile polyposis syndrome|Juvenile polyposis/hereditary hemorrhagic telangiectasia syndrome|Juvenile polyposis of stomach		Pathogenic(Last reviewed: Apr 30, 2005)	no assertion criteria provided			GRCh38	8542	23581
